word,canonical,kind,source
aarpmedicare,aarp_medicare,joined,generated
abc,anthem_blue_cross,initials,generated
abs,allied_benefit_systems,initials,generated
aci,auto_club_insurance,initials,generated
affinityhealth,affinity_health,joined,generated
ahp,affinity_health_plan,initials,generated
alliedbenefit,allied_benefit,joined,generated
ama,aarp_medicare_advantage,initials,generated
amerihealthcaritas,amerihealth_caritas,joined,generated
anthemblue,anthem_blue,joined,generated
anthemmedicare,anthem_medicare,joined,generated
applehealth,apple_health,joined,generated
autoclub,auto_club,joined,generated
bbt,bluecross_blueshield_of_tennessee,initials,generated
bbv,bluecross_blueshield_of_vermont,initials,generated
bcbsal,blue_cross_blue_shield_of_alabama,bcbs_state,generated
bcbsaz,blue_cross_blue_shield_of_arizona,bcbs_state,generated
bcbsfl,blue_cross_blue_shield_of_florida,bcbs_state,generated
bcbsga,blue_cross_blue_shield_of_georgia,bcbs_state,generated
bcbsia,blue_cross_blue_shield_of_iowa,bcbs_state,generated
bcbsid,blue_cross_blue_shield_of_idaho,bcbs_state,generated
bcbsil,blue_cross_blue_shield_of_illinois,bcbs_state,generated
bcbsin,blue_cross_blue_shield_of_indiana,bcbs_state,generated
bcbskc,blue_cross_and_blue_shield_of_kansas_city,initials,generated
bcbsks,blue_cross_blue_shield_of_kansas,bcbs_state,generated
bcbsky,blue_cross_blue_shield_of_kentucky,bcbs_state,generated
bcbsla,blue_cross_blue_shield_of_louisiana,bcbs_state,generated
bcbsma,blue_cross_blue_shield_of_massachusetts,bcbs_state,generated
bcbsme,blue_cross_blue_shield_of_maine,bcbs_state,generated
bcbsmi,blue_cross_blue_shield_of_michigan,bcbs_state,generated
bcbsmn,blue_cross_blue_shield_of_minnesota,bcbs_state,generated
bcbsmo,blue_cross_blue_shield_of_missouri,bcbs_state,generated
bcbsms,blue_cross_blue_shield_of_mississippi,bcbs_state,generated
bcbsmt,blue_cross_blue_shield_of_montana,bcbs_state,generated
bcbsnc,blue_cross_blue_shield_of_north_carolina,bcbs_state,generated
bcbsnd,blue_cross_blue_shield_of_north_dakota,bcbs_state,generated
bcbsne,blue_cross_blue_shield_of_nebraska,bcbs_state,generated
bcbsnh,blue_cross_blue_shield_of_new_hampshire,bcbs_state,generated
bcbsnm,blue_cross_blue_shield_of_new_mexico,bcbs_state,generated
bcbsnv,blue_cross_blue_shield_of_nevada,bcbs_state,generated
bcbsok,blue_cross_blue_shield_of_oklahoma,bcbs_state,generated
bcbspa,blue_cross_blue_shield_of_pennsylvania,bcbs_state,generated
bcbsri,blue_cross_blue_shield_of_rhode_island,bcbs_state,generated
bcbssc,blue_cross_blue_shield_of_south_carolina,bcbs_state,generated
bcbssd,blue_cross_blue_shield_of_south_dakota,bcbs_state,generated
bcbstx,blue_cross_blue_shield_of_texas,bcbs_state,generated
bcbsut,blue_cross_blue_shield_of_utah,bcbs_state,generated
bcbswi,blue_cross_blue_shield_of_wisconsin,bcbs_state,generated
bcbswv,blue_cross_blue_shield_of_west_virginia,bcbs_state,generated
bcbswy,blue_cross_blue_shield_of_wyoming,bcbs_state,generated
bcc,blue_cross_of_california,initials,generated
benefitsystems,benefit_systems,joined,generated
bluechoicehealth,bluechoice_health,joined,generated
bluecrossblueshield,bluecross_blueshield,joined,generated
bsc,blue_shield_of_california,initials,generated
capitalblue,capital_blue,joined,generated
carefirstblue,carefirst_blue,joined,generated
carenetwork,care_network,joined,generated
cbc,capital_blue_cross,initials,generated
chp,community_health_plan,initials,generated
cignahealthcare,cigna_healthcare,joined,generated
cignamedicare,cigna_medicare,joined,generated
clubinsurance,club_insurance,joined,generated
communitycare,community_care,joined,generated
communityhealth,community_health,joined,generated
compensationinsurance,compensation_insurance,joined,generated
councilon,council_on,joined,generated
dbc,delaware_blue_cross,initials,generated
ebb,excellus_bluecross_blueshield,initials,generated
ebhi,empire_bluechoice_health_insurance,initials,generated
empirebluechoice,empire_bluechoice,joined,generated
excellusbluecross,excellus_bluecross,joined,generated
farmauto,farm_auto,joined,generated
fideliscare,fidelis_care,joined,generated
geicoauto,geico_auto,joined,generated
geisingerhealth,geisinger_health,joined,generated
ghp,geisinger_health_plan,initials,generated
gighealth,gig_health,joined,generated
hawki,hawk_i,joined,generated
hbcbsnj,horizon_blue_cross_blue_shield_of_new_jersey,initials,generated
healthinsurance,health_insurance,joined,generated
healthnet,health_net,joined,generated
healthplan,health_plan,joined,generated
healthplans,health_plans,joined,generated
hma,humana_medicare_advantage,initials,generated
horizonblue,horizon_blue,joined,generated
humanamedicare,humana_medicare,joined,generated
ibc,independence_blue_cross,initials,generated
independenceblue,independence_blue,joined,generated
insurancefund,insurance_fund,joined,generated
kaiserpermanente,kaiser_permanente,joined,generated
magellanhealth,magellan_health,joined,generated
medicalmutual,medical_mutual,joined,generated
medicalservice,medical_service,joined,generated
medicareadvantage,medicare_advantage,joined,generated
meritainhealth,meritain_health,joined,generated
mhc,mvp_health_care,initials,generated
mmo,medical_mutual_of_ohio,initials,generated
molinahealthcare,molina_healthcare,joined,generated
mountainhealth,mountain_health,joined,generated
mvphealth,mvp_health,joined,generated
nationalcouncil,national_council,joined,generated
ncoci,national_council_on_compensation_insurance,initials,generated
njfamilycare,nj_familycare,joined,generated
ohp,oregon_health_plan,initials,generated
oncompensation,on_compensation,joined,generated
oscarhealth,oscar_health,joined,generated
passporthealth,passport_health,joined,generated
pbc,premera_blue_cross,initials,generated
php,passport_health_plan,initials,generated
premerablue,premera_blue,joined,generated
priorityhealth,priority_health,joined,generated
rbi,regence_blueshield_of_idaho,initials,generated
regenceblueshield,regence_blueshield,joined,generated
rmhp,rocky_mountain_health_plans,initials,generated
rockymountain,rocky_mountain,joined,generated
sanfordhealth,sanford_health,joined,generated
scif,state_compensation_insurance_fund,initials,generated
serviceassociation,service_association,joined,generated
sfa,state_farm_auto,initials,generated
shp,sanford_health_plan,initials,generated
spectrumhealth,spectrum_health,joined,generated
statecompensation,state_compensation,joined,generated
statefarm,state_farm,joined,generated
twc,texas_workers_compensation,initials,generated
vacommunity,va_community,joined,generated
vccn,va_community_care_network,initials,generated
workerscompensation,workers_compensation,joined,generated
