word,canonical,kind,source
al,alabama,state_code,convention
ak,alaska,state_code,convention
az,arizona,state_code,convention
ar,arkansas,state_code,convention
ca,california,state_code,convention
co,colorado,state_code,convention
ct,connecticut,state_code,convention
de,delaware,state_code,convention
fl,florida,state_code,convention
ga,georgia,state_code,convention
hi,hawaii,state_code,convention
id,idaho,state_code,convention
il,illinois,state_code,convention
in,indiana,state_code,convention
ia,iowa,state_code,convention
ks,kansas,state_code,convention
ky,kentucky,state_code,convention
la,louisiana,state_code,convention
me,maine,state_code,convention
md,maryland,state_code,convention
mi,michigan,state_code,convention
mn,minnesota,state_code,convention
ms,mississippi,state_code,convention
mo,missouri,state_code,convention
mt,montana,state_code,convention
ne,nebraska,state_code,convention
nv,nevada,state_code,convention
nh,new_hampshire,state_code,convention
nj,new_jersey,state_code,convention
nm,new_mexico,state_code,convention
ny,new_york,state_code,convention
nc,north_carolina,state_code,convention
nd,north_dakota,state_code,convention
oh,ohio,state_code,convention
ok,oklahoma,state_code,convention
or,oregon,state_code,convention
pa,pennsylvania,state_code,convention
ri,rhode_island,state_code,convention
sc,south_carolina,state_code,convention
sd,south_dakota,state_code,convention
tn,tennessee,state_code,convention
tx,texas,state_code,convention
ut,utah,state_code,convention
vt,vermont,state_code,convention
va,virginia,state_code,convention
wa,washington,state_code,convention
wv,west_virginia,state_code,convention
wi,wisconsin,state_code,convention
wy,wyoming,state_code,convention
dc,district_of_columbia,state_code,convention
pr,puerto_rico,state_code,convention
bc,blue_cross,abbreviation,convention
bs,blue_shield,abbreviation,convention
bcbs,blue_cross_blue_shield,abbreviation,https://www.bcbs.com/
uhc,unitedhealthcare,abbreviation,convention
uhg,united_health_group,abbreviation,convention
kp,kaiser_permanente,abbreviation,convention
hcsc,health_care_service_corporation,abbreviation,convention
fep,federal_employees_program,abbreviation,convention
mapd,medicare_advantage_prescription_drug,abbreviation,convention
snp,special_needs_plan,abbreviation,convention
dsnp,dual_special_needs_plan,abbreviation,convention
ibx,independence_blue_cross,abbreviation,convention
hmsa,hawaii_medical_service_association,abbreviation,convention
wellpoint,anthem,former_name,https://en.wikipedia.org/wiki/Anthem_Inc
coventry,aetna,former_name,https://en.wikipedia.org/wiki/Coventry_Health_Care
health_net,centene,former_name,https://en.wikipedia.org/wiki/Health_Net
wellcare,centene,former_name,https://en.wikipedia.org/wiki/WellCare_Health_Plans
amerigroup,elevance_health,former_name,https://en.wikipedia.org/wiki/Amerigroup
magellan,molina,former_name,https://en.wikipedia.org/wiki/Magellan_Health
elevance,anthem,former_name,https://www.elevancehealth.com/
ambetter,centene,brand_family,https://www.ambetter.org/
fidelis,centene,brand_family,https://www.fideliscare.org/
careplus,humana,brand_family,https://www.humana.com/
cigna_healthcare,cigna,product_line,https://www.cigna.com/
humana_medicare,humana,product_line,https://www.humana.com/
anthem_medicare,anthem,product_line,https://www.anthem.com/
medi_cal,medicaid,program_name,https://www.dhcs.ca.gov/services/medi-cal
masshealth,medicaid,program_name,https://www.mass.gov/masshealth
tenncare,medicaid,program_name,https://www.tn.gov/tenncare
soonercare,medicaid,program_name,https://ok.gov/soonercare
apple_health,medicaid,program_name,https://www.hca.wa.gov/health-care-services-support/apple-health
badgercare,medicaid,program_name,https://www.dhs.wisconsin.gov/badgercare
husky,medicaid,program_name,https://portal.ct.gov/husky
maincare,medicaid,program_name,https://www.maine.gov/dhhs/ofi/applications-forms-resources/maine-care
hawk_i,medicaid,program_name,https://hhs.iowa.gov/hawki
healthchoice_illinois,medicaid,program_name,https://www.cyberdriveillinois.com/departments/index/healthchoice/home.html
nj_familycare,medicaid,program_name,https://www.nj.gov/humanservices/familycare/
oregon_health_plan,medicaid,program_name,https://www.oregon.gov/ohp
ahcccs,medicaid,program_name,https://azahcccs.gov/
hdhp,high_deductible_health_plan,plan_term,https://www.healthcare.gov/glossary/high-deductible-health-plan-hdhp/
chip,childrens_health_insurance_program,plan_term,https://www.healthcare.gov/glossary/childrens-health-insurance-program-chip/
ma,massachusetts,state_code,convention
medigap,medicare_supplement,plan_term,https://www.healthcare.gov/glossary/medigap/
tricare,military_healthcare,plan_term,https://www.tricare.mil/
fehb,federal_employees_health_benefit_program,plan_term,convention
mcpo,managed_care_provider_organization,plan_term,convention
medicad,medicaid,spelling_variant,convention
united_healthcare,unitedhealthcare,spelling_variant,convention
bluecross,blue_cross,spelling_variant,https://www.bcbs.com/
blueshield,blue_shield,spelling_variant,https://www.bcbs.com/
healthpartners,health_partners,spelling_variant,https://www.healthpartners.com/
carefirst,care_first,spelling_variant,https://www.carefirst.com/
managed_medicaid,medicaid,spelling_variant,convention
medicaid_managed_care,medicaid,spelling_variant,convention
anthem_blue,anthem,spelling_variant,https://www.anthem.com/
unitedhealth,unitedhealthcare,spelling_variant,convention (brand written without "care")
unitedheathcare,unitedhealthcare,spelling_variant,convention (common misspelling)
unitedhealthgroup,unitedhealthcare,brand_family,https://www.unitedhealthgroup.com/
